{"cameraMode":{"drawMode":0,"name":"Shaded","section":"Shading Mode"},"sceneLighting":false,"audioPlay":false,"sceneViewState":{"showFog":false,"showMaterialUpdate":false,"showSkybox":false,"showFlares":false,"showImageEffects":false,"showParticleSystems":false},"in2DMode":false,"pivot":{"x":1.1376564502716065,"y":-0.002510858466848731,"z":0.0},"rotation":{"x":0.09416327625513077,"y":-0.06416735798120499,"z":0.006081964820623398,"w":0.9934681057929993},"size":3.13167142868042,"orthographic":true}