{"cameraMode":{"drawMode":0,"name":"Shaded","section":"Shading Mode"},"sceneLighting":false,"audioPlay":false,"sceneViewState":{"showFog":false,"showMaterialUpdate":false,"showSkybox":false,"showFlares":false,"showImageEffects":false,"showParticleSystems":false},"in2DMode":false,"pivot":{"x":-0.6772950887680054,"y":0.41974401473999026,"z":0.29052257537841799},"rotation":{"x":0.034735750406980517,"y":-0.062019359320402148,"z":0.0021596206352114679,"w":0.9974679946899414},"size":8.3668794631958,"orthographic":false}