{"cameraMode":{"drawMode":0,"name":"Shaded","section":"Shading Mode"},"sceneLighting":false,"audioPlay":false,"sceneViewState":{"showFog":false,"showMaterialUpdate":false,"showSkybox":false,"showFlares":false,"showImageEffects":false,"showParticleSystems":false},"in2DMode":false,"pivot":{"x":1.64813232421875,"y":0.1136474609375,"z":0.0947265625},"rotation":{"x":0.08837819844484329,"y":0.011952799744904042,"z":-0.0010605815332382918,"w":0.9960147738456726},"size":5.784036636352539,"orthographic":true}