{"cameraMode":{"drawMode":0,"name":"Shaded","section":"Shading Mode"},"sceneLighting":false,"audioPlay":false,"sceneViewState":{"showFog":false,"showMaterialUpdate":false,"showSkybox":false,"showFlares":false,"showImageEffects":false,"showParticleSystems":false},"in2DMode":false,"pivot":{"x":0.6229875087738037,"y":-0.40441563725471499,"z":3.067439556121826},"rotation":{"x":0.03628493845462799,"y":-0.030571941286325456,"z":0.0011104317381978036,"w":0.9988731741905212},"size":7.913109302520752,"orthographic":false}