{"cameraMode":{"drawMode":0,"name":"Shaded","section":"Shading Mode"},"sceneLighting":false,"audioPlay":false,"sceneViewState":{"showFog":false,"showMaterialUpdate":false,"showSkybox":false,"showFlares":false,"showImageEffects":false,"showParticleSystems":false},"in2DMode":false,"pivot":{"x":0.003999948501586914,"y":1.00600004196167,"z":0.0},"rotation":{"x":0.011996235698461533,"y":0.023995736613869668,"z":-0.00028796104015782475,"w":0.9996400475502014},"size":5.969234943389893,"orthographic":true}