{"cameraMode":{"drawMode":0,"name":"Shaded","section":"Shading Mode"},"sceneLighting":false,"audioPlay":false,"sceneViewState":{"showFog":false,"showMaterialUpdate":false,"showSkybox":false,"showFlares":false,"showImageEffects":false,"showParticleSystems":false},"in2DMode":false,"pivot":{"x":0.4993743896484375,"y":0.44989013671875,"z":-0.01708984375},"rotation":{"x":0.0524737685918808,"y":-0.008987635374069214,"z":0.00047240371350198984,"w":0.9985817670822144},"size":4.148136615753174,"orthographic":true}