{"cameraMode":{"drawMode":0,"name":"Shaded","section":"Shading Mode"},"sceneLighting":false,"audioPlay":false,"sceneViewState":{"showFog":false,"showMaterialUpdate":false,"showSkybox":false,"showFlares":false,"showImageEffects":false,"showParticleSystems":false},"in2DMode":false,"pivot":{"x":1.019317626953125,"y":0.03876495361328125,"z":-0.15380859375},"rotation":{"x":0.011996235698461533,"y":0.023995736613869668,"z":-0.00028796104015782475,"w":0.9996400475502014},"size":1.6726034879684449,"orthographic":true}